age,income,credit_amount,loan_duration,payment_to_income,existing_credits,dependents,residence_since,installment_rate,default
56,125186,19546,37,0.13972088110147718,3,0,11,3.59136886889501,1
69,54674,20129,53,0.183545628282296,4,4,13,2.2203212457160157,0
46,55854,2591,33,0.47025493201013435,2,2,15,3.2870836411215185,1
32,66271,12303,22,0.26566008973129074,1,0,17,1.4316284661693404,0
60,93688,31561,36,0.25817370719716576,0,3,11,1.0258570077753408,0
25,58518,7183,13,0.22528250442806963,3,2,17,1.0599187977340843,1
38,131076,27572,45,0.15882474022663537,2,3,6,2.7598052122136814,0
56,30267,35080,30,0.2951404788769626,1,0,19,2.3661847157438225,0
36,110825,21695,14,0.15201911300445548,2,2,6,2.554046046725559,1
40,21062,8314,7,0.43419209455293106,2,3,8,1.0223894212516582,1
28,136664,20623,20,0.2481587945101226,4,4,0,2.2680598589722774,0
28,70448,3139,55,0.24992142711271856,4,4,5,3.1542044836025824,0
41,115462,48456,8,0.2896025713932624,4,0,5,2.3280811059023074,0
53,26229,32290,54,0.27765108526630067,1,2,11,3.196657618936667,0
57,76793,19088,41,0.4979431892237286,2,1,11,1.6990568931905043,1
41,134813,40692,9,0.31815244848732105,0,2,9,3.4394260134451766,0
20,67915,34130,19,0.1352806815159483,3,4,5,2.765293721360357,1
39,24632,33088,46,0.342750936630772,4,3,16,1.6322892982897188,0
19,124592,27292,46,0.160633717147952,4,1,18,1.710161427561499,1
41,23596,47249,30,0.1123750578925368,2,0,17,2.8840913937086112,0
61,129779,21670,55,0.48829686147089923,2,1,5,3.4898187796373303,1
47,26168,4738,15,0.40941555661382556,1,0,18,2.2468833460874658,1
55,128099,3469,26,0.4920435969655068,1,1,9,1.7749012873827765,1
19,27561,23534,41,0.291151379208897,4,0,7,3.601034820731801,1
38,93794,49874,17,0.31290301245959046,2,0,5,3.007804875252505,0
50,102152,10017,32,0.1673347823676521,0,1,6,2.3442564618492296,1
29,145036,3808,45,0.19876297066703424,3,1,0,2.4637005858379055,0
39,144049,48638,7,0.43541968596113134,2,0,17,1.6127694038091893,1
61,46734,13713,59,0.24247425884703766,2,4,19,2.880407890194532,0
42,26371,41329,18,0.43072598951856766,1,1,11,2.076227531628666,1
66,138894,3719,58,0.3836054897148128,3,2,15,3.9869355300230476,0
44,46069,23890,37,0.17086837010874623,4,3,9,2.4405505457856638,1
59,99905,12700,36,0.3029785464478969,2,0,9,2.4576568185688394,1
45,32910,37509,21,0.3709549286074868,4,0,13,2.6975553622320154,0
33,93479,43534,37,0.19401488592153004,2,3,19,3.7502680093562404,0
32,97735,37766,37,0.4322754042080308,4,4,9,3.402454299579251,1
64,101264,27705,39,0.3179310630180747,3,3,9,2.3533902093935244,0
68,43275,19787,16,0.1660968201770413,1,1,10,3.156097797918388,0
61,92274,49845,15,0.333193770465841,3,3,1,2.7587064963422847,1
69,101449,27588,20,0.49988552166236566,0,0,19,2.4771011461037467,1
20,120776,27123,22,0.16020859666536544,1,3,7,1.5769473183530516,1
54,80004,34062,45,0.42670277204781126,3,2,6,2.3918087903646725,1
68,82981,11177,23,0.1829236012750232,0,1,7,1.737455761067724,1
24,104659,22727,14,0.412955331784035,2,3,0,3.744526449554964,1
38,74553,31220,30,0.3938311692485653,2,0,1,2.0062204404890407,0
26,68447,10882,45,0.22019575424017296,4,1,17,3.856792043600117,0
56,54529,2136,19,0.23032924702577995,1,0,14,2.599165870284134,0
35,146394,35832,30,0.4170085567851677,2,4,0,2.8946331360284807,1
21,95703,32966,55,0.28457820475492507,1,2,4,2.6288213334679833,1
42,96090,8009,27,0.3923272114847235,2,4,1,1.3881418509001027,0
31,37260,13987,57,0.15919365894633392,4,2,19,2.127463657023823,0
67,132581,38311,35,0.44102311276062145,3,3,2,1.297438336832872,1
26,23812,32575,25,0.3843538866729277,4,1,18,2.868862132550145,0
43,48024,2007,26,0.46277712353393363,0,3,17,2.3406225856013165,1
19,78656,6445,49,0.152948951613989,2,2,17,3.3339549147128107,1
37,136148,11706,37,0.33720580014423907,0,2,13,1.6614114429981095,1
45,47285,48517,56,0.3396482340161301,0,2,7,1.4936981752880047,0
64,112436,45486,51,0.241384296218713,1,0,11,2.218996692891303,0
24,136421,30257,54,0.28338656982770316,2,1,9,3.7797561496551433,1
61,21605,22736,26,0.11519262531594139,0,3,19,3.1312654450372355,0
25,91158,43207,40,0.3983440154508048,3,3,16,2.256770874378756,0
64,92303,14281,37,0.3197289917612696,0,4,10,2.551816509262932,0
52,47139,2435,35,0.12309642074766952,3,2,1,1.252639033531295,0
31,97149,34339,44,0.37230235718419424,1,2,3,3.953727689128339,0
34,76138,36150,54,0.2867128308924752,0,2,0,2.9992219140847567,1
53,138205,26821,17,0.11378450377,4,3,14,1.8562122053902674,0
67,96125,27660,46,0.48784309073923815,1,4,12,2.7574251826457328,1
57,33918,6084,52,0.4796448572357762,3,0,7,1.3284470982069818,1
21,105655,17661,23,0.305160966458879,1,1,3,3.897510006422751,1
19,47446,14507,26,0.1374689682823641,0,0,9,1.5243549636500977,1
23,144040,8059,18,0.4018484886394368,2,3,18,2.9440909541656426,1
59,33046,19271,26,0.29677244004229164,2,2,17,1.7363633876167914,0
21,149922,46539,13,0.22097899131575197,3,1,4,3.152684147945607,1
46,44818,8491,51,0.2965672710114227,3,3,18,3.3304641017208434,0
35,120894,48295,45,0.3089776581621858,2,3,15,3.020259186734298,0
43,135751,15859,51,0.3250846796089357,3,3,0,2.8434983807655776,0
61,24324,9073,12,0.2764894854621306,1,1,11,3.677407281856035,0
51,96323,10077,28,0.34230212125562265,4,1,1,1.2358801329692741,0
27,29111,21953,49,0.467493884242551,4,4,7,1.9927442973405856,1
53,58110,12383,37,0.24490723483943647,1,4,17,1.7448624388925378,0
31,36389,3353,16,0.39028658528797966,4,0,15,3.9640418861962647,0
48,142177,24821,27,0.4577810227296929,0,1,4,2.1681693390006203,1
65,61427,38567,27,0.2823917103039748,1,1,12,3.1978380977211964,0
32,99579,25860,48,0.2773823345527616,3,1,18,3.0541754916430137,0
25,48746,22195,30,0.3408467941419118,1,4,2,1.6362437124321332,1
31,142883,12939,27,0.3365627037689952,2,3,7,1.7169930406346539,0
40,107886,26338,33,0.4226357369305108,3,2,11,1.8438536906591023,1
57,127141,22730,34,0.2905933535113171,2,4,1,2.233381834778138,1
38,20117,22427,18,0.4984491798557765,3,1,10,1.7029751969515803,1
33,145808,36196,23,0.12378862754691232,4,4,11,1.0589544482405433,0
62,132221,28083,7,0.1012671394322807,1,0,17,3.6381791704215862,0
35,104471,22510,34,0.3560793246238495,0,1,12,3.8968294941426525,0
64,132613,45064,26,0.2193739649447507,3,0,4,2.0247111610947037,1
41,33234,8813,20,0.19615295547979353,3,1,11,2.015520638276419,0
43,149597,32598,57,0.2247596320017122,2,4,1,1.021275438323113,0
42,123864,48182,32,0.20241902604198173,4,3,4,3.040752064991122,1
62,73441,28570,55,0.11231601986417915,2,2,6,3.476319687245886,0
58,20846,28082,36,0.4886132169562355,2,0,11,1.4398249010800095,1
46,30954,30241,20,0.1882981953811127,4,4,15,1.478999048101452,0
32,99239,31678,56,0.3936119050357225,0,3,7,3.370249749914313,0
62,133689,45569,28,0.4050385578776702,2,4,8,2.848872245062434,1
18,66514,12745,29,0.47170295920289174,2,0,14,1.134581672883151,1
42,108236,27029,49,0.112219782837352,3,2,4,2.867640971386845,0
24,117579,14025,18,0.44881933537880314,4,4,12,1.9267531685312982,1
26,148644,37124,27,0.3108904723359201,1,1,4,2.106175466412538,0
41,26469,15288,48,0.3530176439863312,0,3,10,3.309194254890641,1
18,50105,24650,42,0.35778811084841344,0,4,9,3.432805578017832,1
61,62101,7540,38,0.42791912199389104,4,3,19,2.201069880519492,1
25,84323,33232,8,0.2333629288636442,3,1,12,3.8414588080190644,0
41,111922,17422,59,0.39322047594399734,3,2,8,2.2193881538562166,1
28,78067,4342,24,0.3114312438888789,4,2,13,3.3155081056903297,0
68,69376,42846,28,0.4173576057221391,3,1,17,2.451631793692777,1
34,65587,36612,34,0.49621841310805337,0,3,14,3.692596979566252,1
25,56976,11396,35,0.1802604069615045,0,4,9,3.723283730950536,1
52,124587,18482,44,0.4978594566239992,1,1,6,1.2622504236132515,1
52,147534,24411,49,0.1359248617131096,4,0,7,3.809479993930677,0
50,87584,47766,52,0.10092701916192555,2,3,2,3.476604524561247,0
22,124537,14261,30,0.11766477447113251,2,2,14,3.3739321429380005,1
59,98477,4093,42,0.2367129618947047,1,1,15,1.6027340190565673,0
56,130911,12722,52,0.35316253227137373,1,2,3,3.4153576262639946,0
58,62533,23042,13,0.12761181635513985,3,3,5,3.5503982040551105,0
45,21828,45413,47,0.10226632581182692,1,2,0,1.867451003362453,0
24,21917,48851,21,0.47483641138351795,1,1,3,3.8567802350869713,1
26,40618,29087,13,0.42877065437597184,2,3,10,1.1495804391974929,1
25,52254,33347,6,0.4236732684556125,3,0,11,1.4497277597414189,1
29,125292,34756,49,0.4537697102007908,1,1,4,2.6127434141545427,1
51,136714,40214,10,0.3800137091088418,1,4,15,2.727377413366929,0
50,67362,17335,8,0.1417616518992326,3,1,12,2.9354502499027104,0
65,40128,29602,6,0.25964007522948923,4,3,12,1.0509073879463995,0
40,143781,49901,9,0.3892597945858518,3,1,16,3.8811003238663906,1
41,131281,35450,45,0.21213378431660837,2,0,6,1.133764278202432,1
54,79383,33196,40,0.37496254565449505,4,0,7,1.4291858581702073,1
52,85545,6626,37,0.10979937930706095,0,4,12,1.0420435525781708,0
61,102180,8424,47,0.2224549363518373,3,2,15,2.700575299882284,0
57,107958,13857,39,0.31965213451086905,2,3,3,3.7968006517629167,0
39,29865,45923,48,0.35283593180249695,4,3,7,2.997841498241393,0
44,22219,20982,30,0.3308162657847643,3,2,15,3.467972405441282,0
52,59809,12425,15,0.3791025104293718,1,0,9,1.0398436103757402,1
18,136748,2980,26,0.10243549929593564,3,0,11,2.6260458954391783,1
52,25287,49290,51,0.1403764799910086,0,1,11,2.3786889325165657,0
54,146593,27431,44,0.44757770091165805,3,4,4,2.496903832662379,1
64,54387,20440,32,0.3726994576360645,4,4,15,1.2166395560055638,1
31,28512,42752,32,0.14517265707440452,4,4,0,3.0533060832079224,0
20,21342,18175,7,0.43682977495943176,3,1,8,2.5096612445759034,1
18,83076,49651,46,0.19689248712982677,4,4,11,3.295446549583792,1
22,128872,27385,53,0.29130395367808937,1,2,4,2.4558719021851463,1
43,39216,39158,18,0.15807860515386413,3,1,19,1.4481449086792963,0
31,137512,24019,14,0.38404402256868264,1,2,2,2.944770862233466,0
56,136682,19639,57,0.36674176840570716,1,1,4,1.5171590863154987,0
44,113070,20994,41,0.1844449884664545,2,4,1,3.6171836900644445,1
26,99767,35375,27,0.4453603067428008,3,2,13,2.8393487172077245,1
32,117829,22563,47,0.26052240968788487,4,2,1,1.4716116506708627,0
32,46614,40341,31,0.21700603642829674,1,2,12,3.8870141724436205,0
43,56258,6776,59,0.1609318357858142,2,1,6,2.555096390005962,0
59,113789,37444,17,0.206467205006215,3,3,9,1.218695355614965,0
30,62078,4380,22,0.10881076848952681,3,4,12,2.880498713245202,0
68,126288,9711,19,0.33330299698244625,0,2,15,1.7595967210384307,0
49,103524,9782,19,0.43689229853757916,0,3,13,3.411080355631907,1
56,116573,18434,39,0.31959217977665677,1,4,10,3.453466220698572,1
66,32219,47765,58,0.1877095847695503,0,4,9,3.9368420675639855,0
69,20235,21017,25,0.11346767128554909,1,2,5,2.5056085930735112,0
49,62929,31707,16,0.18585122930352116,4,2,3,2.3648706391832115,0
21,147309,40110,21,0.2664485712284369,1,1,0,3.260426816339442,1
47,87444,18343,56,0.4038445714799186,0,3,6,1.3974119690257796,1
54,28567,39827,36,0.17513714101510966,4,3,8,2.6407465413793725,0
40,121834,42652,11,0.38791658134187446,0,2,7,2.638742800392553,0
56,90792,6655,24,0.44677338734075345,1,4,4,1.2684193684311618,1
62,85441,45859,42,0.28157873924334287,2,2,18,2.2539522565207406,0
32,104555,16251,9,0.4285727966570373,3,4,9,3.559854395701606,1
60,93698,1526,52,0.32186293921403825,0,4,10,3.568460865983981,1
46,144450,4224,9,0.354836334832362,1,2,14,1.297712994759043,1
53,137248,48837,25,0.3105113841352811,4,0,5,1.2721626482434925,0
30,25415,12536,15,0.28526908670053674,0,3,14,1.788086431005806,0
49,56159,29541,29,0.19386137671033976,0,4,4,3.6242981876619806,0
24,63925,14547,59,0.22127762378441843,3,4,18,1.3867077552204967,1
68,146523,35531,40,0.2159880475774436,1,0,18,3.1599904078823386,0
39,25951,9712,31,0.32531557238152586,2,1,9,1.3034968588393097,0
45,107388,39565,42,0.14798147720955598,4,0,11,2.8694135612434764,0
19,28007,10208,43,0.46671667628093405,1,0,3,2.0682018973574343,1
59,146730,6109,26,0.3882620581132453,4,4,17,3.366741888897601,0
62,61832,36201,59,0.26057825236527743,0,3,15,1.7010713464760907,0
23,78596,17967,45,0.1634496578105512,3,0,7,2.9176054881698796,1
45,141101,30759,44,0.45279686788865436,3,1,3,1.7070476037276547,1
45,50523,21172,26,0.42951123604046615,2,2,11,3.1409808493364615,1
61,108861,37935,15,0.38868862108687174,3,0,1,3.621034103682246,0
61,144194,27589,43,0.20861881896449697,0,0,3,1.3804053973802801,0
37,106740,31015,51,0.2609786549734676,2,1,4,3.5997870657865105,0
47,35524,30009,9,0.14109930098096934,1,3,2,2.7807257632428937,1
28,149028,18773,50,0.1756158098910127,3,0,8,1.381331472601072,0
45,39282,42125,25,0.4132066549266932,2,0,17,2.282625566079136,1
42,43930,27143,22,0.3860154875402736,0,3,10,1.4825808804552936,0
56,20077,7154,12,0.3373943051903739,4,1,2,3.1010436665997085,1
50,125881,22804,9,0.4582906903704692,4,0,1,3.276604403253849,1
18,145501,42688,34,0.3333066071252182,0,3,8,1.317389560818397,1
44,40611,21581,19,0.28678719998544433,0,0,13,2.518419558083933,0
69,36984,31087,8,0.2361482985223051,4,2,3,3.4438751680777515,0
30,34060,33981,29,0.4761794022944691,2,4,8,3.8084891246529895,1
58,102985,4762,42,0.13308618460974142,4,2,12,2.54055360022531,1
20,104056,47167,21,0.4723549488243234,0,0,17,3.8508376708342213,1
56,145329,10768,57,0.4306858639724074,3,1,14,2.6070669113680895,1
23,63303,44408,9,0.15197196981428052,1,4,9,2.182571483799724,1
25,79207,40499,29,0.3259937430701014,3,2,15,3.5446093856586867,0
44,95046,39559,39,0.4466191926996348,3,3,11,2.478948131374267,1
26,49287,49590,35,0.32872366544286147,0,1,19,2.415707531693569,1
54,113709,9783,23,0.462879928624249,4,2,4,2.4709374682294847,1
50,59711,47389,24,0.477193526726417,2,3,1,3.540355005609236,1
68,31954,30781,36,0.26895380887372233,3,0,9,3.4958246250641563,1
59,93340,31811,24,0.25092546456252945,4,3,0,2.2105599773206337,1
61,92101,49787,54,0.4745284615876627,2,2,6,1.999899579611575,1
41,91520,36488,51,0.3700560244598673,3,2,16,2.4757840721173876,0
32,107062,9905,24,0.14640907253926772,2,0,15,2.718317529211327,1
49,122974,10127,27,0.11691669968907248,4,3,2,1.715011631883991,0
49,38574,23431,29,0.32585162039890525,1,3,13,3.381865254146772,0
41,29184,7368,50,0.47206838617536984,4,0,9,2.4594482971972687,1
58,39096,28424,17,0.43769948096232736,0,3,6,2.0021366452598786,1
69,87728,47824,35,0.37033909858573455,2,0,16,1.320462978891972,0
66,54016,46004,43,0.15564633955643503,1,1,5,1.716535481210821,0
66,31246,19333,58,0.20169255349947823,2,2,3,3.847843515267951,0
69,65558,24116,36,0.4502044906210465,2,1,16,1.9152990604585798,1
29,138721,48219,41,0.1731228946627602,3,4,8,1.506577868101106,0
56,38381,44201,24,0.21137576330017382,0,4,3,2.3820183749649795,0
19,147796,16525,53,0.15184026047817678,2,4,6,1.9212632300807462,1
20,56455,24398,50,0.37044329256576447,4,0,1,1.1054777508135825,1
66,112263,33857,41,0.4775929221452838,4,3,16,1.9694356518382516,1
54,24018,11361,35,0.20758721263815438,3,1,7,2.6323258718184057,0
66,31302,17369,54,0.2901626431400295,0,1,14,2.6551371160599007,0
34,87506,4041,38,0.35373589588448173,0,1,14,2.069676763530666,1
66,61157,1105,23,0.4997864992862523,4,1,7,2.341908268757802,1
19,74917,10078,57,0.14192322599902885,1,4,15,3.896553754704299,1
19,112738,26003,54,0.2994283198022837,3,1,18,2.1320454316909347,1
45,116646,7090,33,0.254048047961,3,3,10,1.774680439779949,0
40,103122,39850,52,0.44632806608894204,4,4,1,1.7304011322002804,1
54,44519,2925,16,0.2903870924046624,4,1,16,2.3732938381124025,0
49,116809,19440,59,0.14439100983405925,1,0,15,3.2785604461508324,0
50,107487,40685,50,0.35376965811463346,1,2,14,1.6179645525654196,0
18,76819,27015,38,0.40831224730555193,0,2,12,3.127888381422304,1
36,100910,34320,22,0.10115250066624584,3,2,14,1.0634494700482489,0
19,140430,26291,11,0.4435826741682518,3,4,3,2.256798933951838,1
61,91324,37679,9,0.17440920000226626,4,1,15,3.3275951956083607,1
43,25408,27289,25,0.32082774586135115,0,4,11,2.0161988673232942,0
49,79379,4389,53,0.26631900027498007,3,3,3,2.6912113043361985,0
23,45053,26683,52,0.38786152664421214,0,0,2,1.6149376984777324,1
49,29446,14629,32,0.24846464591429673,0,0,16,3.2259861733785167,0
21,20922,25826,20,0.4479052706726844,4,2,17,1.1568373098062787,1
28,118723,36198,11,0.3921985443835161,0,2,17,3.557627934626501,0
34,71356,27630,52,0.35908526842516864,1,2,16,1.5945891592650043,0
55,30789,34226,19,0.4184962382251417,1,1,11,3.623194095124992,1
41,117720,47163,16,0.40160921397135296,2,3,3,2.057587723901552,1
22,86656,33975,44,0.11437546996862134,4,3,11,3.16805072342346,1
69,64028,1899,14,0.25789374153793126,2,3,19,1.9576758933585654,1
51,84484,12653,31,0.47232291892659595,1,3,14,3.7177350137039427,1
23,52154,28961,21,0.1502897075968905,2,2,15,1.379911376555123,1
39,102870,17405,10,0.39483862017282056,4,0,4,1.5355593678177961,0
28,22336,9601,57,0.48983672453413185,4,2,14,2.4790903754764066,1
65,123677,34662,15,0.12087945161798866,0,3,16,1.2458153171144384,0
33,87779,34282,55,0.37287755225064423,3,2,17,1.5879405541052858,1
50,39029,22288,8,0.28726165652041213,0,3,4,3.8312991466360433,0
26,79201,30545,18,0.3316701021498889,4,4,12,3.9294689834436616,1
23,52265,37877,48,0.13413653459372996,1,0,18,2.128777987991266,1
33,122916,47026,54,0.1172027807467758,1,4,12,3.769858063041807,0
46,132250,16313,35,0.3667466642203687,0,1,17,2.6344740270202953,0
20,136553,16349,59,0.4293237719282872,4,2,13,1.8092273976213011,1
37,63872,8179,50,0.4128061339731869,1,1,3,3.107196163241796,1
53,66197,11326,11,0.317522291146495,4,2,3,2.9767054197245715,1
36,145733,45555,22,0.1399467284544713,1,4,19,3.9673759573262,0
43,75180,2560,50,0.37521777753440555,4,3,19,1.7951418622278499,0
20,43710,14612,56,0.1967555534216584,2,3,18,3.0161785079852064,1
36,49486,18650,58,0.4644274811069534,4,2,12,1.1560712650883407,1
37,91907,27745,24,0.43530614381828203,4,3,11,1.3409381160901583,1
49,148876,32890,47,0.3837531868349564,0,4,6,1.0117551248532797,0
24,91895,21022,40,0.47953838233245216,2,3,11,3.9983820431790194,1
69,84435,5780,51,0.11256872860450917,3,4,3,3.406821091442433,0
58,60631,19311,31,0.3944801700243048,0,1,1,3.3601690442006222,0
50,149038,29380,56,0.23209711173456216,3,4,1,2.529178225864539,0
57,121532,45662,10,0.46242635427454615,1,0,4,1.9002012487163198,1
56,40103,3356,34,0.20667007866479103,3,0,9,1.4537928533880278,0
35,84772,5790,42,0.38994259972600687,4,0,9,1.854024216539391,1
57,146108,27911,25,0.4510588078603126,3,2,8,2.1279136657874176,1
18,34382,25363,54,0.11666272735307298,0,2,12,3.268930290940882,1
28,104291,21049,26,0.25905903183681445,0,2,6,2.6189853667094574,0
45,121195,11181,15,0.40492361280877553,3,4,4,1.2324508796664482,1
42,23756,40825,10,0.28196755580303484,0,2,9,1.0540870268767368,0
67,40609,17082,41,0.20690105191743813,0,1,9,1.3069965386021893,1
40,134074,1661,11,0.18792213952927603,3,0,5,2.231496141092138,1
48,36478,38412,31,0.15260730676655118,2,4,18,3.799578751147055,0
47,120978,49479,9,0.4428518239425129,2,0,7,2.912207443627665,1
59,59666,3920,44,0.3301421613006224,1,2,0,3.4054776996265455,0
52,95683,26658,44,0.13055397799658242,0,4,16,2.3991237835136454,1
24,119097,49770,55,0.25303212942825415,3,3,6,2.0849982495851282,1
33,144714,15025,40,0.24709346032204396,0,1,13,1.3252011181498682,1
43,120420,9946,6,0.17269567628378518,4,2,16,3.627799066558615,0
65,91315,29706,29,0.27420305018887625,0,2,8,3.3494800870837085,1
69,97834,46500,41,0.23283974615725458,0,1,16,1.5043542927931752,1
66,146205,40004,11,0.23672148219687303,2,1,4,2.5367816916287813,1
19,34153,17309,46,0.39561062311518347,3,3,19,2.4621244237637345,1
18,129415,47286,59,0.18930535420207853,0,2,7,2.8752746580595856,1
65,96325,34120,51,0.3567439835421422,2,2,5,3.8385606819737834,0
29,129701,31027,49,0.328259849552374,1,0,10,2.739314325287439,1
22,32999,8005,36,0.32723700493514696,2,4,18,2.620651800335856,1
54,75318,47804,25,0.36520293845671037,2,4,3,1.1509687988039918,1
49,20814,1956,29,0.3193528144782616,2,0,17,1.1887224280540718,1
26,135033,35839,30,0.4517020459385539,0,4,0,1.5620403739803668,1
58,96077,9595,41,0.37023203678010397,0,1,12,1.0974123150752448,1
52,110474,48908,26,0.31878530054855525,1,4,13,3.230058686710037,0
36,22443,13803,35,0.4319052481150579,4,4,0,3.1699909119818894,1
65,95993,26963,29,0.34245862597339194,4,0,10,1.4081687032949288,0
33,95916,37221,49,0.21645769911407162,4,3,16,3.508236702385843,0
20,93319,40443,47,0.1828379672706285,1,4,3,1.464358104538336,1
37,145885,34723,35,0.16093111426507153,4,4,11,1.9035267609920763,0
41,129777,40063,27,0.45978208501844064,4,3,9,1.746930697484095,1
50,37368,49689,33,0.38405417271922637,2,0,5,2.1169212957191434,0
41,35328,16282,12,0.4749513752657283,0,3,0,1.7639912976698855,1
69,76942,5703,40,0.3413167222859772,0,0,6,2.466852779315356,0
28,111751,7563,33,0.289360352597965,2,1,15,2.2222236440640564,1
66,119131,26849,19,0.12388659558835574,2,0,13,3.9597084723379794,0
25,47306,32860,15,0.36865691261841194,2,1,19,1.167779050384677,0
53,105451,32585,21,0.3328835039072925,0,1,19,1.4265441291620549,0
55,59915,23015,21,0.4960835574350486,4,0,5,1.1584776817258073,1
57,57219,13003,59,0.19566351111289723,2,2,4,2.8775235849471272,1
37,100879,44585,36,0.31229494211473435,1,0,17,1.1635278322411589,0
52,131939,27958,47,0.3603829340472291,2,4,14,3.50931921212837,1
65,84644,27017,30,0.3578364698969375,3,4,5,2.5358158920457834,0
42,80279,12171,18,0.3245174171793611,2,2,18,2.581022873744601,0
52,73028,46350,11,0.4107712041308902,0,1,0,2.6847835231365824,1
42,124263,13201,49,0.18199248381072658,2,2,0,1.5124411189186322,1
46,20126,30426,14,0.3902508801097664,3,4,12,1.5930709093434627,0
35,72329,18778,50,0.3478938285732357,1,2,2,1.956451968619014,0
63,47632,46241,41,0.45843004471782933,4,0,9,2.780489247465554,1
35,127099,43229,48,0.43887777561343266,2,2,2,1.6303533278206435,1
19,85310,22116,25,0.22605881565302133,3,1,8,1.3489951813997836,1
52,129945,49364,23,0.21049492999006125,3,0,7,3.910350659255297,1
33,75176,34297,48,0.4926613295409792,1,3,2,1.0659454444288687,1
58,139797,20342,26,0.3109060723661026,0,4,12,3.4080922160080647,1
53,106066,28490,9,0.46256838556577473,2,4,5,3.3641054487250663,1
50,125500,20975,55,0.16555240951219288,3,2,12,1.891642341535288,0
21,146413,27723,38,0.3571275659200698,1,0,19,1.4068798480219402,1
50,64327,24279,32,0.4239440749442345,4,3,19,1.4368859401162704,1
31,88904,13765,12,0.4789580998345787,3,0,11,3.0922948517115776,1
38,23797,47678,11,0.2349360564068094,1,4,12,2.928419773258521,0
65,67882,12561,20,0.38999246796962106,0,0,1,3.3482370227541605,0
37,33718,42899,23,0.3155252036158476,0,3,15,3.812443517197314,0
25,54560,1525,37,0.12425157042658729,3,2,5,3.075782089799776,1
24,96589,23861,16,0.3759998949235773,3,1,18,1.4675546096543304,1
20,42116,34142,25,0.3760386232951374,2,0,12,1.730327850296232,1
34,56244,27916,29,0.47224272193861483,1,1,16,3.5265811926193438,1
50,121721,45965,20,0.298924978467589,3,4,8,1.6279182275026258,1
65,21645,5648,53,0.19210036828420587,2,2,16,1.2175669508634441,1
29,67523,36133,12,0.11782552937947166,2,2,1,3.1098401621267513,0
68,144085,31523,26,0.2662568746743623,3,0,18,2.207579066470426,0
39,137718,30052,47,0.22076668003100075,0,2,18,3.7601201576377106,0
39,39256,35414,31,0.40443532240955027,1,0,6,2.9507652132809845,1
63,121376,33781,49,0.24170710593641864,1,0,9,1.2712569333749824,1
47,120158,5599,19,0.4796284785259376,0,1,9,3.8435697017609822,1
55,73173,36046,42,0.48492408119511377,3,2,19,1.7756717909207378,1
55,57430,48064,26,0.3483634360870832,1,0,8,2.011637471218857,0
62,59282,36923,23,0.4714641148059532,3,1,16,2.206781241050626,1
68,139719,42089,10,0.4043417378057983,3,3,14,1.1536728892129398,1
25,83374,4814,8,0.3187438563900505,2,1,1,2.4895462666918147,0
44,88244,46893,28,0.17212317416911127,0,1,3,1.3699554732258767,0
44,31694,36984,31,0.28343917740553604,3,0,18,2.202910980065055,0
51,76264,27616,42,0.32434978534504705,4,4,16,2.052129363976253,0
38,95060,3113,29,0.44558463229400413,0,4,4,3.31852025027951,1
47,117416,44006,54,0.292533350614266,1,4,6,3.4095115348981935,0
50,77545,14760,24,0.45906986907118263,2,1,17,1.4602386471672641,1
45,138195,22927,56,0.36973959160938763,1,0,6,2.0996535621376786,1
64,59224,21939,30,0.15479962522146856,1,2,16,2.120059483095495,1
50,122516,33419,26,0.4979925477300372,0,1,6,1.4542313318082551,1
22,117945,13588,17,0.31089306430156505,1,1,3,3.3953605151535715,1
65,33224,37142,46,0.25674331856363153,3,0,7,3.1216849850062696,0
36,60738,40198,38,0.36364550578781063,1,3,12,1.5711453588911042,0
21,45150,45738,55,0.14355732559241563,2,1,3,2.1001657257813973,1
52,83731,34397,58,0.3546154587013418,2,3,5,1.3174150745695425,1
66,69688,17653,9,0.2992944001997092,4,3,4,2.884619791279132,1
34,119929,11831,47,0.2626696279994333,2,4,11,1.364115773645859,1
61,128618,6724,12,0.48120800847155965,1,0,3,3.9578025058747532,1
45,93509,12083,27,0.3090158866928213,2,3,8,3.342046224063587,1
47,28577,46917,38,0.1876469917879754,0,0,3,2.170715648751985,0
46,28070,20816,22,0.28358539175091946,2,4,18,2.735691796838063,0
63,146161,43240,29,0.46775496182906906,3,0,13,3.734025448649226,1
23,28666,7276,39,0.17043818853223786,0,1,4,2.6622978411874785,1
52,77761,49403,33,0.18558281547529476,4,3,17,1.5234954591938656,0
58,141178,39663,48,0.1052118271028335,3,0,9,2.136110066743478,0
54,56368,14994,46,0.10567601975830687,1,2,18,3.5294345950892363,0
41,26783,24499,44,0.4317566507834051,1,0,11,2.9326390479688538,1
46,131530,24040,27,0.39284904273718235,1,3,17,2.952173153001401,1
66,61914,44320,54,0.24201642258078332,3,4,16,3.6004644570654674,0
63,90507,17959,22,0.37932446289102917,3,4,10,3.6819191723875138,0
48,147738,7099,39,0.2580823705239881,3,3,2,3.759377715338309,1
52,99026,43267,11,0.48115871839913105,0,1,16,1.2845475797594683,1
50,135893,20576,51,0.48682107257041396,0,1,0,2.6323780058893025,1
69,131255,36946,11,0.25711751032373736,1,4,14,3.2215285636549558,0
38,130616,7116,39,0.44168876253634726,2,4,8,3.2707805353810415,1
49,87526,16563,6,0.40923561667898645,1,3,14,2.8201486059100116,1
40,90835,27788,15,0.22399997486871573,4,1,2,1.5003620055510225,0
50,65765,27928,26,0.1928159315604424,0,4,18,3.392261661824993,1
20,39956,37336,10,0.28329386015713354,3,1,12,3.1603340005448373,1
35,107895,10847,7,0.41253953624576256,0,4,11,1.2584073146471089,1
42,66240,27155,27,0.48406711389149815,3,0,19,2.3914294740231288,1
59,141008,15135,53,0.4054316275466291,4,2,0,1.5219321985654108,1
48,57148,18774,7,0.44208279400734807,4,0,16,2.0124311371389156,1
20,114270,2742,15,0.3412257224682066,0,4,12,1.0542432766170564,1
57,147978,19309,39,0.43416313233685033,3,2,0,2.200989605232275,1
63,24757,1619,21,0.41376834320136713,4,2,9,2.6496307634686316,1
41,39097,18658,53,0.25079421677051206,1,4,14,2.8587477784812605,0
67,30395,35707,56,0.32079612084828846,1,4,6,2.9904710353861303,0
49,36241,21337,44,0.421901248795878,3,1,17,3.50887393930738,1
64,123892,17001,27,0.11842269367598256,0,4,15,1.64638872182719,0
39,47696,1968,17,0.423231712942332,4,3,13,1.361445467315404,1
40,135654,48614,29,0.17115524961960937,0,4,17,3.554611515693777,0
19,90480,26892,52,0.3058734468485756,1,3,6,1.4698384446779498,1
44,66163,26619,45,0.42331017582237507,4,4,16,3.9242802440085858,1
59,39816,1281,43,0.20152843126267794,0,1,17,3.5276146881959107,1
19,69840,28420,15,0.19832297572246121,2,3,11,2.5026298176687973,1
43,122547,16360,40,0.26110575938490077,3,0,7,3.9442642747660757,0
34,72853,40030,56,0.45785711903105386,3,3,1,1.2921301873240125,1
57,44917,2058,54,0.10017711257488315,2,1,6,1.9091972835253048,0
50,116731,21677,37,0.460553238656774,1,3,3,2.9146732451218345,1
26,41566,11724,12,0.16152280985664313,4,4,17,2.0500206054195362,0
60,95452,29404,26,0.49603455042699285,3,4,5,3.7851176559423756,1
65,82823,38946,25,0.48193879721538724,2,1,8,1.1968782645334528,1
56,141392,40748,31,0.29787007583651337,2,2,8,2.6482354961828936,0
46,40806,30856,9,0.3050880991250513,1,4,13,2.7725988021853434,0
59,95520,10200,51,0.29261973611034175,1,0,7,2.9581843713316722,1
43,21759,34997,57,0.3541774582638091,0,1,18,1.7669986699954432,0
52,146092,26611,27,0.13628868089397242,3,3,2,2.0936992825595935,0
67,61949,42235,20,0.11304717933662661,0,3,17,3.531041588994933,1
42,112374,36057,45,0.12308117136635954,2,0,4,1.5848283069104796,0
41,22482,2239,26,0.2777461396966058,4,4,13,3.480603541520086,0
30,44442,39138,20,0.21021917568779336,4,1,3,2.687966268708227,0
24,53719,49938,27,0.3488158249483975,1,0,6,3.2865625335822464,1
53,78066,1125,57,0.49697691574991165,4,4,19,3.1408220987904145,1
62,113501,46272,33,0.2545292692305864,4,1,11,1.622534486154637,0
37,22079,24857,19,0.32953650164180537,4,3,1,2.7064382093016186,0
18,22717,16398,32,0.26624155836293417,2,1,10,3.603169458415277,1
25,79676,7638,46,0.43890866708874376,4,2,13,2.296348710405788,1
63,47952,7570,45,0.46089456138489526,4,1,15,3.8997723106699502,1
33,106444,4249,33,0.450942244882104,4,2,19,2.3566453003051544,1
31,62460,10110,31,0.4897488954717031,0,1,5,1.4283569100036542,1
29,110397,41363,54,0.11100767405616613,2,2,3,2.1683040402330196,0
68,92847,14605,7,0.4359264648582124,1,3,14,3.8551072191716114,1
40,113607,13115,30,0.4007088692156373,0,4,0,1.9591625480195627,1
32,109106,40062,8,0.1914777637601459,3,2,6,3.6042944796011884,0
45,38449,23911,13,0.48252803735501104,2,2,11,3.6437520450456695,1
51,53536,39525,49,0.1592711712919782,2,3,9,2.0505595729958834,0
19,84077,33556,38,0.37181997085356333,3,2,4,1.2497729741518964,1
49,58258,13595,47,0.189956086726365,3,0,11,3.1736737274764546,0
40,68302,2969,57,0.2725522595096299,3,3,17,1.934536897041958,0
39,145937,44753,40,0.38766395877782756,1,0,9,3.3487708427727174,0
68,48865,18275,11,0.3253298568132187,4,3,5,2.3279645447812993,0
42,26645,5470,44,0.2710007325312447,2,2,11,2.455800227027865,0
39,139771,11225,57,0.2305353723727949,4,0,6,3.3337282202456104,1
39,58000,43324,28,0.43586386228351615,4,2,17,2.147089993184884,1
66,46737,42974,30,0.1575257401259255,3,3,1,2.3293820359687434,1
69,31485,43759,55,0.27204115061192,1,2,9,2.1285714063088665,1
59,58565,24196,48,0.4615030287100569,0,0,14,2.10202154583184,1
23,45522,41287,24,0.4383398201839871,1,0,11,2.5778397307043783,1
32,139614,14669,10,0.2603767049892187,4,2,16,3.4263983335034522,0
60,85155,38380,56,0.4052433454405233,1,1,3,2.085304935767698,1
54,75168,46141,16,0.42926433228354377,3,3,6,2.57276416161321,1
50,72487,49320,17,0.4555549696014519,0,3,8,3.0121819763278026,1
25,149948,48414,15,0.3178023076196912,3,2,18,1.808318338910965,0
61,32342,39006,13,0.18178435442188473,0,1,6,1.8325684147071777,0
61,60806,16577,29,0.20212363060157268,4,0,1,3.8002393810703645,1
22,68770,23473,33,0.2182778696166417,0,4,5,3.1706037199932657,1
56,98623,29625,46,0.33752099232384625,0,4,17,2.731560028669927,0
21,123177,16504,41,0.11312384965144338,0,2,5,2.943160163261836,1
23,119785,25089,42,0.35441698751198736,1,1,12,1.087898329310255,1
62,95629,37487,26,0.2457416953712928,1,1,18,2.8543088966850907,0
49,140993,1302,13,0.21809672099585686,4,3,1,2.528526619672606,0
69,72603,32463,14,0.4517986282912506,0,0,11,2.637249039338307,1
47,146944,45912,52,0.2840009582323196,2,1,14,2.078271480492451,1
64,132726,30259,20,0.1380212182130771,4,4,13,1.2444216931388257,0
52,101974,43823,53,0.43069870721049885,0,0,5,1.5800177008361564,1
57,125947,38208,51,0.11905650297460264,0,0,17,3.852234139638015,0
69,46399,31659,45,0.39069968966727864,1,2,4,2.2260986868128017,1
33,148177,36840,23,0.40956248870826606,4,1,17,2.4000494674925923,1
30,105382,32890,47,0.24104104237154328,0,2,2,1.158129369560317,0
67,101244,14598,25,0.42991514251111473,0,1,2,1.1126986886319417,1
59,129575,48055,11,0.30626376234258135,4,3,9,3.151544341140273,1
47,135520,47733,17,0.2853174613091187,2,2,18,2.614283992363334,1
36,130904,20508,7,0.11816131258747703,4,2,2,2.5261179526488,0
34,96534,43287,12,0.21601167745956237,4,4,11,1.729373591268006,0
36,75106,14380,21,0.4724039883541199,2,2,15,3.2342521948897667,1
45,132599,27984,8,0.2567295853134,4,1,16,1.5047097373254756,0
43,50678,45633,50,0.3186802082227074,0,4,6,1.5698042309830602,0
54,96218,9125,8,0.31280867159370074,4,2,12,2.3821365140448263,0
43,83230,37059,32,0.3361724359290773,2,2,1,1.8588395863358227,0
40,134684,5033,55,0.12453238225731306,3,3,3,1.742388943699439,1
26,94055,38873,48,0.24487050191949133,4,2,9,2.935712933659995,0
29,76373,18087,45,0.3892513095530217,1,0,6,2.9529152356556336,0
18,51480,41901,43,0.18022410042919318,0,4,16,3.473551209399788,1
18,105230,6704,38,0.18143135101854418,0,0,19,2.2531257009189276,1
64,88836,8848,33,0.1040362426756099,1,4,5,1.2192552730784507,0
51,92258,22592,6,0.27499277064328387,1,3,18,1.820999154764373,0
49,59986,46743,13,0.4530937522693689,4,2,4,3.9400163895904505,1
65,44160,7924,42,0.12076037743492361,1,2,9,2.7887757256981063,1
42,105595,28208,37,0.17644748379840106,3,2,8,3.129211254403061,1
57,121358,20614,53,0.22403381533710204,2,4,12,1.0220734888762437,0
62,99111,1488,48,0.39268989462568515,1,2,18,2.5546171965475626,0
18,84929,40882,42,0.35625423712103466,1,0,5,1.1125859725954093,1
33,93506,26923,9,0.266377561832742,3,2,3,2.707690636274344,0
56,54911,49508,35,0.4036275757033503,0,3,2,3.762312548908226,1
22,107127,36941,11,0.3438524046627608,0,0,2,3.9052573915012236,1
39,51821,30165,51,0.45841631986288767,4,2,3,2.6216580261667723,1
46,95039,2667,59,0.4272106996554772,3,2,4,2.374614415756648,1
20,80535,27213,24,0.20112544243568023,2,1,7,3.835051282745482,1
29,133453,5114,37,0.2085754310536801,2,4,15,3.0208294959900854,1
43,104458,37321,14,0.15014259031695426,3,0,2,1.1946978386152285,1
33,32175,8761,17,0.2347858902869826,2,1,11,2.3971767330024925,0
68,139235,32116,16,0.4998175674876377,0,3,7,1.7207350553929117,1
54,74771,34768,51,0.2623004674460244,2,4,12,2.4094129643460445,1
39,126660,49406,21,0.18819537387564256,2,0,3,2.3663967160190853,0
46,147157,26426,6,0.40499315379022127,3,2,13,2.746434408444226,1
31,141300,18772,50,0.31698840138506246,3,0,13,2.070311471047754,0
45,106925,39218,58,0.15984057981078104,2,2,12,1.492811348367784,0
22,133374,4712,26,0.25227587246434635,1,4,5,2.511158303769869,1
64,86358,2367,35,0.26578788621573735,3,2,16,3.4906086530372864,1
66,37327,41957,18,0.4015318802276875,4,3,3,2.992036684202807,1
47,67057,42781,39,0.1082685475567618,4,2,7,2.0151035977756475,0
63,26150,27200,9,0.2076078587193242,0,3,16,3.8065690682765716,0
69,24425,4726,33,0.30703852052620884,2,4,2,3.7366227137475465,0
22,143654,24616,43,0.20753869698113736,1,4,16,1.6280451981522963,1
29,36032,28723,36,0.35137361896759955,0,0,8,1.1182527553610888,0
33,22198,38574,32,0.29274699170984664,2,3,1,3.223926125052287,0
43,80500,35958,10,0.24468410194383228,3,3,12,3.4828307840474597,0
43,73394,10108,30,0.47968345074820495,4,1,19,3.903593697854066,1
65,40079,13178,8,0.35286379967458303,1,1,1,3.669509182264932,0
38,56220,36643,38,0.1519765489071765,4,1,19,2.8016043046192447,0
56,61874,32324,9,0.3240366789773582,3,2,10,2.5901570176371425,0
53,33859,39360,30,0.4122927412803604,2,1,14,1.083523153787759,1
50,70460,18824,25,0.3833958789971189,3,3,10,1.7399693405343335,0
47,51419,46360,39,0.16883569171810375,3,2,2,2.3788442551987794,0
54,138865,9927,31,0.4889679996160413,4,4,2,2.8855117002507034,1
40,28705,29144,10,0.2795254582986424,1,0,11,2.671755499955232,0
27,62880,32010,40,0.16361000149610452,3,1,4,3.227907969045072,1
22,149838,23443,33,0.17207830165125917,4,4,19,1.8393007926611227,1
53,43236,15437,34,0.1392939968756322,1,3,6,2.69485782295742,0
51,107955,45298,14,0.42140724337397373,2,0,6,1.2644267301723764,1
69,105514,40778,57,0.14881219772873946,2,4,12,2.240996570749621,0
48,123145,12207,43,0.15005010285669879,0,0,8,3.250482498863803,1
27,35358,26537,55,0.44018864590433504,4,1,12,3.080202560287132,1
36,119713,36757,11,0.23784163377902387,1,3,11,3.971928211516537,0
49,114914,13040,24,0.11234316172322899,3,0,12,1.833673377963268,0
18,122870,42986,49,0.12075811980736435,2,4,9,2.4945678975219376,1
22,96918,23612,16,0.15686817868155822,1,1,0,1.9885912413219902,1
62,139179,29441,7,0.18535733919027583,4,1,7,2.321809342177524,0
21,136243,7471,52,0.36605847769536215,0,4,15,3.5708503896081645,1
33,34596,36631,49,0.1629305120007313,2,4,12,3.05262722556546,0
41,53572,44461,49,0.1475497564708288,1,0,2,3.647323574042745,0
33,98757,27523,14,0.40588765659051174,1,2,2,1.6105333249956595,1
19,21279,32348,26,0.3684221135439658,1,1,4,3.620083353524314,1
66,83197,2177,29,0.2741296885820945,4,0,10,1.1792868225351532,0
45,131496,5760,39,0.3197239085920416,4,4,6,3.6657978413114574,0
49,82516,33779,27,0.2247936081305674,4,0,9,1.9872213383821837,0
44,27083,22636,8,0.2930001680941443,3,4,9,1.9437629002421994,1
37,140674,17353,17,0.3026690595930983,1,3,19,2.536265730095992,0
41,140307,12556,33,0.2548949084712384,2,4,1,3.8220705631696954,0
29,146457,28598,35,0.46262888426886517,4,4,2,1.143344094044216,1
67,129397,12563,31,0.10642474599240247,4,4,7,2.0566929252122357,0
52,37771,47819,53,0.41286850523649854,1,2,10,3.569715966050007,1
50,49975,44790,26,0.14975313249652975,4,4,12,2.1881634323064003,1
50,65648,9234,33,0.41901894421487984,3,1,6,1.597470692791201,1
68,145641,26519,31,0.34636476627068846,3,1,12,2.2743825439942356,0
60,68285,27966,38,0.43731123637456093,4,0,1,2.156657504475008,1
54,39063,17173,26,0.13900573025635898,1,2,5,3.7462486044001104,0
29,87642,27987,40,0.3235922536399096,1,0,8,3.285803127229291,0
20,110093,14178,57,0.3004351521048788,1,1,19,2.515346667232019,1
18,134390,40338,39,0.3824772731853435,0,1,1,3.965111700164713,1
50,106143,25596,46,0.3137162207574703,4,3,17,2.39583259382777,0
57,57599,34174,56,0.3162938268532417,1,4,15,1.1747134924608256,0
27,71920,42974,52,0.2718383774304259,3,1,11,1.7868229654449546,0
60,48529,5431,23,0.22353376960293636,2,0,6,2.3082114406579377,0
61,55954,28764,16,0.2929057445008769,2,0,6,1.4707078724383602,0
46,47856,22627,28,0.14739694350736024,1,4,16,3.842695378972129,0
30,22573,40310,53,0.48460533559323393,2,4,12,3.3005466934533194,1
29,98344,9906,27,0.38576430545063933,2,3,10,1.804861601283318,0
48,55367,37914,22,0.4809868466751387,0,2,5,2.7724136005537474,1
63,122337,45814,10,0.19069095293198532,3,0,13,3.164347471328716,0
19,126732,46379,49,0.4517364080706112,3,4,5,3.8238367867203937,1
68,119608,14076,16,0.4235159938254154,0,0,5,3.644906047526232,1
67,80774,38650,35,0.37086096498306953,0,4,1,2.545576678414641,0
52,43752,47881,20,0.3500116744340823,2,1,19,3.323957859379053,0
40,75029,47413,32,0.22661986610714802,4,0,14,2.6864342614827548,1
34,37685,7012,40,0.42656431398601236,2,1,16,2.6581116701366203,1
43,71693,8151,38,0.30060618459189353,0,0,7,1.3442258750145757,0
25,136739,29211,25,0.12835663035651415,3,2,4,1.378412974048456,0
46,75961,28117,21,0.225145264342052,2,3,16,2.588600845067372,0
43,126937,37378,39,0.47411883941813104,4,1,19,1.8065846349370198,1
27,144956,43652,7,0.4402721042419385,2,4,0,1.063110707381406,1
43,96908,7894,40,0.49276227923061566,1,2,17,3.168517611700637,1
51,145537,14467,45,0.35119735304163924,2,0,14,1.097459790070495,0
68,146678,32010,33,0.19900402925616478,0,1,4,2.7858305233121636,0
58,94532,43641,52,0.16512601987074552,3,0,6,2.6175813823819434,1
24,101994,13289,44,0.17476577624338466,3,0,17,3.9064440717334135,1
21,76133,45976,11,0.10791826333890175,0,0,5,2.452639418042925,1
67,117425,44596,14,0.2562728443943757,1,3,4,1.1908043091333922,0
62,145055,24171,25,0.17657107219981702,0,3,18,2.655063903419385,0
28,81268,35905,6,0.26466218418268095,2,4,9,3.523288511848304,0
46,112201,21829,13,0.47399777273550614,0,1,14,3.99054785284432,1
53,58243,35054,28,0.272216083802876,0,2,9,2.2910295210672174,0
42,77384,49478,8,0.45119379879393395,1,2,15,1.9608962274902275,1
38,51653,45139,9,0.34220190664635064,2,2,11,3.7199598908559968,1
53,46657,49713,30,0.19885262186455677,4,0,17,1.5737263872283642,1
27,59952,30734,52,0.24234190370368458,4,3,0,2.84628674509878,0
54,42180,8052,43,0.1335678143285718,3,1,15,2.217143272542843,0
26,117432,4654,20,0.23338503743840422,0,0,5,1.1232470948666657,0
41,141829,24486,26,0.37101637820141364,3,3,2,2.0418654229170934,0
52,148377,19743,40,0.12884443717177407,1,3,1,1.7956855675080239,0
66,98411,49368,58,0.18216056339121176,4,1,1,3.058273461830461,0
52,21622,25489,58,0.2525764165653246,0,1,12,3.8463714930757544,1
65,68756,9636,51,0.49281981480638504,1,1,8,1.8041415621359134,1
53,60809,7441,57,0.4139447291835521,1,0,15,3.434397817455045,1
35,36725,25611,19,0.3933946985968416,0,4,4,1.1660794508152286,0
66,81396,43435,41,0.1464763826101784,1,1,6,2.6143630301194394,1
56,71226,13149,17,0.4123983574459966,0,4,12,1.2116501911296838,1
49,126296,35566,22,0.4141075246064061,0,0,19,3.802098973391918,1
41,101182,43368,44,0.34044107824973135,2,4,12,3.299053841672171,0
40,102565,22675,14,0.4961447127993488,3,2,6,2.9738497336137772,1
49,49402,6495,40,0.2301015623698208,1,4,9,3.471689144873993,0
54,24263,43668,18,0.47650897929674063,1,1,14,2.9425593867104896,1
29,143489,14673,20,0.4658924459826015,2,0,5,3.9068331915228733,1
66,116523,12130,23,0.10459226389975114,2,1,4,3.1418738435943148,0
30,66828,23668,56,0.2800466105899244,2,2,1,3.77397582874674,0
40,140824,16222,38,0.4908416932206293,4,1,14,2.5513956760319143,1
42,67924,24669,11,0.14124854496323033,4,1,15,1.351193238945588,0
52,94182,35068,32,0.3191138777533278,4,1,18,2.584533164269051,1
58,113065,24253,28,0.4915830028164416,0,3,8,1.38061848418928,1
47,79052,10435,32,0.32219816964234405,1,2,18,2.7774804375292153,0
34,31664,29552,39,0.17592612118886242,3,1,6,2.447479181582989,0
66,55737,38384,51,0.3328732920370359,0,1,3,2.867726193498345,0
37,121332,17393,43,0.18177622957981876,1,1,2,1.0301409431644948,0
65,109563,11617,19,0.3078817051577937,1,0,19,1.5845214749660923,0
42,49373,39520,41,0.12961688716493922,2,3,10,2.4739912957363925,0
39,137369,10852,58,0.34219306768576185,2,0,0,3.8515106847674048,0
30,56397,32401,13,0.3067159756512633,0,3,5,2.1508271210654755,1
36,148575,7295,40,0.3960645475045853,2,1,10,2.273116078160904,0
66,106145,36993,24,0.35228018846351405,1,2,0,3.1440882670198667,1
53,121371,35084,35,0.3198425074123027,2,4,6,2.811378271858354,0
29,58709,46105,19,0.3759115396992485,4,4,5,1.8967784502949998,0
58,136074,40575,25,0.15757676542889235,2,1,13,2.2324491867022833,0
36,81120,37451,54,0.33814386450344164,1,0,1,1.6530993965716974,0
29,39250,8227,30,0.16884424112911106,0,2,3,3.8980643773906256,1
26,41172,32910,45,0.4702088831407524,3,3,10,1.3919031446720793,1
24,31555,37041,29,0.1273336419382417,2,1,14,2.1155103536992583,1
45,107410,24384,19,0.2721498998763173,1,2,17,1.0775169166600336,1
31,98617,1145,31,0.3783189910621779,3,2,0,1.665338475800639,0
48,73276,38778,43,0.28320888466730354,3,3,2,3.341413415140465,0
69,77492,17035,28,0.13683810129316096,4,2,2,1.6035256968666385,0
36,73002,4040,27,0.32135160645068295,3,0,6,1.2401902075868967,1
64,140103,43422,53,0.3566527635309419,1,0,0,2.42335953953357,0
33,144938,27160,24,0.3815169243962031,1,0,10,1.0299077042035556,0
22,109599,18633,51,0.24930392578510358,2,2,5,1.2542984632789995,1
52,92355,30344,56,0.3254639884115049,2,0,19,3.422877608688925,1
29,111248,18014,8,0.28027458997556526,2,3,2,3.314420034578819,0
42,44762,15996,47,0.36882241550090133,3,2,18,3.7454164612146883,0
69,31046,42621,24,0.33342278692992744,3,4,1,3.5635463077322487,0
38,116999,12695,14,0.310302487823654,4,2,17,3.049526689719454,1
53,144130,3852,33,0.19980974673529947,2,3,11,1.1569985719019886,1
40,136021,17014,25,0.10080740709929358,0,4,9,3.3485458539599726,1
33,48769,28042,50,0.16963267012457173,4,2,4,3.5365324325216814,0
56,73302,34755,12,0.14682641656966747,0,0,8,3.3972464373158635,0
62,43150,41390,19,0.2796338980043787,3,1,1,2.525437105924078,0
59,88247,24711,14,0.34490326030473784,4,1,1,1.698705515948445,1
56,24853,27122,24,0.18523400347392327,4,0,5,3.53598992706618,0
31,114613,10160,52,0.4756228383868749,1,1,9,3.1814884292204155,1
48,140900,28213,57,0.10267285168955512,3,1,17,3.9422835231665547,1
22,109399,40420,19,0.4089204060661372,3,0,11,1.4670777932677987,1
52,41792,8421,43,0.35008190781217696,4,0,3,1.676993749156165,0
40,79129,22400,58,0.24942192041907277,3,2,16,1.635394449644508,0
46,126019,34537,41,0.12019557776496317,4,2,14,3.37761930286401,0
60,94478,18727,45,0.3509946287137118,1,0,5,1.5607218893503545,1
28,133811,47882,22,0.25424540514625926,4,3,15,1.1999794894699183,0
35,134130,5358,35,0.4745068557652877,3,1,16,3.9956824197568857,1
64,87298,29482,14,0.3167960299559064,3,2,2,1.0744516343354475,0
29,51987,33117,38,0.4758606045174033,4,1,9,3.505732180476597,1
26,35850,24164,57,0.18819347738932166,4,4,4,2.096100524651958,0
27,32112,32910,30,0.39029036414564133,4,0,13,3.5248463792734457,0
61,141789,33496,19,0.3468996083394903,2,3,12,2.663861473633435,0
34,44058,45311,16,0.3957632919325248,3,4,5,3.70489368845908,0
55,65420,30371,58,0.18586714558901474,3,4,11,3.77857895924388,0
24,58890,39467,40,0.3659978064951095,2,4,7,1.027294543842328,1
63,86017,18625,46,0.29921615722274764,4,0,4,1.2262365279783647,1
30,67304,34893,19,0.3971299899625266,1,2,14,1.7510761887125663,1
57,52921,11793,35,0.23081785766072713,4,0,15,3.007946249090505,1
59,125921,32007,46,0.456022810186101,4,2,0,3.664816589534518,1
26,21524,26766,9,0.13372052584454017,2,4,15,2.379825853881888,0
67,120424,40532,9,0.4228757275164753,3,4,4,2.8209193488227964,1
44,35048,13323,33,0.44452785032603637,4,3,2,1.5654995583866835,1
19,55111,46799,13,0.42690092454672846,3,2,19,3.414900501645056,1
22,57904,47820,7,0.3050905577047104,0,4,14,3.9019843340604092,1
46,74912,46408,46,0.27535399201230454,3,1,12,1.8057967987437924,1
54,54008,8843,51,0.4985049146099507,1,3,15,2.484477854801639,1
55,20060,15210,27,0.19166878048566485,1,0,10,1.2583483315191213,0
36,94666,17456,46,0.31875038635041786,4,3,1,2.677409969388905,1
25,103559,32367,21,0.36827021015293027,3,1,5,2.5083503255400417,0
65,75337,11106,34,0.38034705434457283,4,2,5,1.4333094524652328,1
62,130616,38957,54,0.1816098662954315,2,0,13,2.3261986393542253,1
18,33350,3472,53,0.3615976369359205,1,0,10,2.0023139562596897,1
39,44354,7704,35,0.4273478265925349,4,2,7,2.565492625915568,1
69,65186,4713,17,0.12000743072844489,2,3,7,2.7569630062863975,0
34,48145,6051,40,0.46460851733012665,4,4,0,1.0254867358216284,1
24,54020,11756,16,0.11180162205808238,3,3,6,3.283017948848666,1
42,106123,3475,51,0.24238841299535774,3,1,5,3.1390428755852224,0
62,126667,37378,55,0.10632527849318484,3,4,7,2.0988591586195664,0
21,95186,5255,26,0.13085806741583275,3,3,18,1.158807806706455,1
53,105469,15484,26,0.4644673140720317,0,2,19,3.264797619355151,1
23,40581,35503,10,0.24194433229845913,2,1,7,3.865525481434397,1
48,108929,9258,53,0.26990861217002116,2,1,13,1.7204547880660426,1
36,43051,41747,25,0.18613775255302106,3,1,17,1.9705738412111136,0
61,71474,36196,42,0.33883830807468795,0,4,15,1.5514386684454449,0
56,111748,46113,8,0.33792128587111586,3,0,8,2.730808370034519,1
44,145995,41194,49,0.2488801567300877,0,4,14,1.4645241839423648,0
27,134618,9533,38,0.23321394872215936,3,3,9,2.0685818303841383,1
43,89626,33581,58,0.4539857232722352,1,0,15,3.091039041802789,1
36,26960,6249,14,0.25331369585688057,1,3,3,2.6803479490280453,0
56,55772,20201,14,0.29740039686176334,4,0,19,2.1593876929838056,1
20,41520,10686,9,0.21332190496997228,3,4,12,2.260748805422626,1
62,69481,47877,40,0.414707801342851,2,1,4,2.6863326478696887,1
30,56408,33007,22,0.2589792627596367,4,2,6,1.017594183661484,0
67,114006,1661,39,0.30544441861772986,1,1,8,1.2355296053608296,0
45,148496,45843,29,0.20134286802386459,3,4,7,3.643774203289035,1
37,77134,31137,37,0.4950638369365007,4,0,15,1.2336369672738723,1
45,40491,48556,6,0.21659829636948916,3,1,5,3.1204107886315153,0
25,21341,43828,13,0.4082970123622207,1,4,15,3.760114492327158,1
58,64623,49604,50,0.2709982601427037,4,3,5,1.8120508129051933,1
56,110327,11526,28,0.18248696203365597,1,2,13,2.111474311178543,1
18,20338,4374,52,0.41988750558594445,0,1,0,2.7067642175341486,1
20,91431,26592,45,0.23344271561161728,1,0,8,3.645126908915754,1
30,32254,29982,17,0.4460773389591245,3,3,12,3.8257167617812606,1
45,71860,1207,59,0.46610287396712924,2,4,18,3.2186897443338043,1
66,31344,36433,17,0.4439295341565104,1,2,16,1.259859282564082,1
42,21750,24197,51,0.11400316592272226,2,0,10,3.0074624666045526,0
50,74756,34400,52,0.41494933800204226,0,4,7,2.2309111656179863,1
55,87957,4083,20,0.2645357865996576,4,4,4,2.412102998473185,0
23,125423,30328,46,0.4494891680728901,4,1,9,1.1474451710355311,1
61,78053,47479,24,0.35518170507389557,2,1,6,1.5731864180390747,0
62,90855,43891,31,0.43345725365758336,4,0,9,3.3715408226009433,1
49,35896,21103,57,0.29977270794673416,1,4,3,2.3618764991435794,0
62,75761,40891,34,0.3140102018395732,2,1,8,1.9049867248934467,1
64,82552,11754,27,0.15775505285346691,3,2,13,2.1520572218948746,1
38,140075,35447,45,0.4135949434757422,1,2,1,3.5631985399770407,1
33,97454,16901,26,0.2677558446667887,1,4,8,3.2469970522148706,0
38,146522,34004,56,0.3000320473086331,1,1,0,1.8169461915432483,1
28,138681,8446,43,0.41403908563828307,3,0,9,1.35250552063712,1
54,110600,38211,25,0.3395381600317756,0,0,9,1.7559946649322151,0
53,142732,49231,34,0.180439490977067,4,0,19,3.762269353164201,1
52,132153,30301,56,0.33609306366035707,2,2,2,2.744766513549266,0
36,142926,27116,9,0.26305314319186235,0,1,5,2.6004406262343487,0
37,47935,42323,12,0.28781021681754504,2,1,5,2.7891807990773847,0
35,57641,19752,33,0.11132450976106711,4,2,1,2.0980847972395456,0
64,49711,33376,33,0.18401173980651264,3,0,17,3.4213210609585385,1
58,90342,17669,9,0.21241523255241132,1,0,1,2.5698587479007493,0
66,126896,33916,27,0.3851840031435223,1,4,11,1.3502437083063867,0
31,32182,14395,17,0.10459698931924613,3,3,4,1.387195374487189,0
32,107833,21421,50,0.2635109044916528,0,1,19,2.610577439507855,0
48,76276,27342,8,0.46961074817029314,0,1,6,3.8097106542125174,1
18,39541,5895,27,0.14475224661964955,2,1,15,1.9250563650285963,1
20,114457,12023,49,0.30656975528744446,3,3,19,3.608623506577655,1
33,102310,11699,7,0.4146089529563388,0,4,0,3.292286759736638,1
40,64813,10715,29,0.47701252300804675,3,3,0,1.7434373287207205,1
28,57198,20169,39,0.3987106558134872,4,0,16,1.1090222449487275,0
29,28820,17163,32,0.3882262194577625,1,0,0,1.3055417954271482,0
27,44070,6782,46,0.43059523607830497,1,1,19,3.1854818015423207,1
49,89768,23641,6,0.27848048839101747,1,2,12,1.59900921412194,0
33,31122,19792,13,0.42233781304713325,3,1,8,2.1138127615161815,1
25,100559,36585,28,0.10318576189818046,3,2,14,2.5050974980192744,1
55,93543,31682,43,0.46982442215072195,2,3,2,3.1764045053504883,1
29,103441,48864,11,0.2773226038068701,1,0,13,1.3396936697773763,1
41,61786,19880,27,0.32135207514629904,2,2,10,2.2190992158323843,0
45,114934,39067,30,0.20195289956595294,1,3,11,2.455218727428086,0
25,119804,43685,23,0.39701233313616857,2,0,12,2.622481191914619,0
45,26737,19073,22,0.13065432259009954,2,2,12,3.45508192418565,0
53,56062,37035,17,0.4490543210187341,4,1,0,1.5150345851296507,1
43,74237,38174,11,0.4312467316025371,2,1,9,3.4234943554798667,1
25,71571,25837,31,0.18642404649790656,3,1,2,3.0786352830899566,0
67,45510,18826,32,0.42372975931410495,2,3,3,2.667612442596878,1
45,39426,25981,13,0.4145430932245926,1,1,15,3.0985836112077156,1
45,57265,11382,24,0.3528866391015796,2,4,7,2.236053216854969,0
54,37850,5437,47,0.24940807075987503,0,0,15,1.4151927579043737,0
58,138249,6435,6,0.20859950167274716,1,3,16,2.997295720796102,0
53,86150,25819,34,0.19271343611574002,0,1,18,2.5740169200568666,1
44,107312,37875,50,0.22744358510544288,1,0,14,2.9181244016283268,0
34,109613,32982,54,0.4614233773730122,3,2,15,2.01399634308547,1
26,94910,34328,40,0.13105631039551252,3,1,14,3.7205997320195077,0
50,72375,13329,45,0.4315485105011835,3,0,1,2.7621096057267307,1
37,141826,26169,19,0.23955603001672943,0,4,10,1.2562074528726215,0
30,55435,22932,40,0.3086397584045433,4,2,0,2.349411972113286,0
45,116443,35594,53,0.41779425345939625,1,4,14,3.269068164230903,1
65,77132,12421,50,0.45375061880918854,3,0,18,3.382403685196817,1
46,98945,46033,25,0.2379125680290588,1,4,3,2.483791158291276,0
30,102050,8629,54,0.28473739251004415,0,0,10,3.6842427124939032,0
63,149828,9325,18,0.2658064259267169,4,0,4,1.8030053115828926,0
52,115402,29495,43,0.10530041340156422,0,4,2,2.2317960917148,0
23,22983,32750,54,0.21837715554346265,1,0,12,3.6957907317069103,1
35,117241,30619,51,0.28367569349302474,4,1,9,3.6887701494147365,0
68,40662,41461,54,0.2644374435521759,4,0,10,3.0571383064740427,0
22,43510,9264,13,0.38877169100627185,0,3,17,3.5769416413666604,1
64,98187,13686,48,0.2539214468884413,3,0,1,1.266319800868698,0
42,60998,47484,25,0.2957505795882681,1,3,6,3.594984928623329,0
19,76846,25226,38,0.2718434368529453,2,0,8,1.9618597196506804,1
27,114071,7721,31,0.3962504595577482,2,0,9,1.534994537284649,1
47,26640,21609,44,0.445188959594785,0,4,17,1.7181095090261391,1
67,64547,8373,26,0.3127556316030057,1,1,6,2.2539055240416612,1
62,74620,39675,58,0.41577287767807647,1,1,6,1.7535760138134018,1
22,35317,49895,54,0.21871467280794024,0,2,2,1.9617027580494972,1
50,135608,29937,47,0.3165478440629075,1,4,11,1.4049354582149263,0
18,27564,6656,48,0.238091981467989,3,4,6,1.8885302966769957,1
35,47345,9984,59,0.26568037022873214,0,1,16,2.7168514436260036,0
49,133824,30984,46,0.3929655459250675,3,4,0,2.3255611242731917,0
64,114223,9286,14,0.45266499293308515,1,1,4,2.0401562837077334,1
66,143372,6901,29,0.14859815643510618,0,4,15,3.239356386571342,0
28,99273,32552,42,0.35385570259495225,1,0,14,3.680529914179954,0
38,94859,26709,54,0.3328575230311194,0,1,1,3.270367668707191,0
43,100765,32055,46,0.14736601567037277,1,1,8,1.9960021063530375,0
42,130017,38685,22,0.18475773217604363,3,3,6,3.233326503512661,0
39,94038,9429,29,0.2244009978930721,3,4,3,1.4559405474221536,1
44,143618,15716,26,0.1667724283270006,1,4,19,1.3909539642738729,0
66,72393,49563,56,0.19749179300973674,0,1,17,2.036881111108477,1
30,86081,12138,44,0.20704031954468302,2,0,3,3.423107107132171,0
50,145341,36298,46,0.23426953321562385,3,0,12,1.7390447417269055,1
51,122650,24429,44,0.3997561811204636,3,0,0,1.1897602266960388,0
58,49430,6772,18,0.3287648815402403,2,4,2,1.3951286056190653,0
52,95532,49244,16,0.4944986687805606,1,3,15,3.5762349055887404,1
18,47788,49519,51,0.26589433078698843,0,1,3,2.9013498542418628,1
38,115505,36732,24,0.40154602953477003,1,2,15,1.75960349010993,1
65,68543,40905,16,0.44858736855061354,4,3,18,2.665887475984544,1
23,33919,18347,18,0.37159139721521683,3,2,0,2.582738867276051,1
45,89346,17920,51,0.2647458961669984,4,3,4,2.966307935321984,1
34,116122,32822,50,0.4014378522983012,3,0,18,1.699562663264849,1
22,59974,47659,6,0.18146685510907395,3,4,10,3.5932089615831933,1
48,127309,41108,45,0.23102086607205297,4,2,12,1.9281056862400385,0
22,36371,24563,49,0.3186741020397155,4,3,19,3.0823949619287108,1
55,65084,8967,24,0.3301637549144594,1,4,4,1.0483739391166447,1
20,49629,46183,17,0.10885659018905179,4,2,3,2.1179713896824417,1
40,71184,12871,13,0.4780456755024035,1,1,3,2.055129453876425,1
54,81916,29763,13,0.37865090848695604,1,3,3,2.6304532857490432,0
54,147293,12916,58,0.29828150009275645,1,1,3,1.2182087853315895,1
27,93972,9734,50,0.4732508937633234,3,0,19,3.370394121178325,1
27,82187,34613,17,0.2756382261003314,3,1,17,1.6533424053027055,1
36,32984,29179,53,0.4921742281081487,4,1,17,3.0311134446460306,1
34,53039,36262,38,0.30491390289739406,3,3,15,3.4096363697322793,0
38,105431,13677,50,0.1457143079991918,4,0,8,2.685630868724539,1
31,103691,19268,31,0.40592038898371097,3,1,17,3.2226496201659565,1
26,78606,13330,44,0.3715590900311362,0,4,1,2.9855809366450163,0
63,30616,21733,33,0.40919468852223473,0,2,3,2.0665893914560227,1
18,122665,38947,10,0.4805768114902724,4,1,11,3.426575617100696,1
68,125373,28286,13,0.4105957210604073,3,0,6,1.884104109656584,1
62,70072,7610,30,0.34453464088665875,3,1,14,2.7136387532545516,1
30,44574,7430,32,0.4429235609443364,1,2,6,3.2361932174246184,1
21,23430,40922,51,0.3692985757418127,2,0,16,2.136867729437523,1
18,139123,14828,28,0.2632476227303693,4,3,15,1.9083028228522751,1
66,32676,43913,35,0.45424790569670936,2,0,18,2.3780380305184683,1
57,30816,32497,50,0.18876018431374916,2,3,8,3.453890483047461,0
49,52733,40256,52,0.38585650996348975,4,0,13,3.7897652894369944,0
51,105680,37618,28,0.45262538197630275,3,2,16,2.6352502385796703,1
45,22050,47332,54,0.39252660788131855,4,2,4,2.9843986159709557,0
48,129996,27526,52,0.37891016762154284,2,0,1,3.7098208667167425,1
25,53933,31158,25,0.4010553176287345,3,1,19,1.2956405542388272,1
56,44951,26032,23,0.2860220993202578,0,2,15,1.696235733598495,0
43,52413,38846,23,0.4496682728628104,4,3,13,3.1267000187547476,1
51,54801,45936,7,0.18137459005443649,4,3,13,3.471233385736899,0
20,75619,30794,9,0.15095456640013571,3,4,0,3.571087084991734,1
67,52913,6448,35,0.21420351204740462,0,3,2,2.245321530564798,1
29,132573,29861,38,0.31263095870999724,0,4,6,1.2680197068756005,0
18,139076,29141,41,0.30422471816373525,3,0,14,2.3133444318988596,1
61,60600,10074,23,0.42823950307063463,1,0,18,1.6922037706211612,1
22,77775,7406,42,0.26182746256160694,4,0,19,1.8735893649898725,1
47,110816,32823,24,0.29373777051660344,4,1,1,3.3168026705125175,0
47,149972,24291,52,0.10534707330375825,2,1,18,1.2265812580776605,1
34,110093,42568,33,0.26389569457717565,3,4,8,3.4827436524421063,0
65,132590,33003,45,0.35910969318013686,2,3,18,2.2830072574725073,1
64,55400,47851,25,0.10620333225063688,2,3,4,2.7881917933017855,1
40,24494,35406,54,0.2123527860744975,0,0,17,1.268956693707037,0
32,100688,24312,38,0.18318254371575599,4,2,15,2.012077235071839,0
54,142744,44108,17,0.1167941715638353,2,1,3,1.2691027570445375,0
38,109431,2382,56,0.291704035965815,0,1,11,3.884631168643329,1
31,94691,35171,20,0.1726893172912626,3,0,6,3.421784947978751,0
19,117419,42779,46,0.3972326158525521,2,1,13,2.378898263069381,1
28,128730,4292,44,0.4391711535053394,4,0,11,1.6708076449710134,1
68,63001,42779,7,0.31823407306765916,2,4,2,3.8003653157495565,0
56,87364,34187,34,0.49268293700845667,3,3,4,2.033789787180915,1
55,144988,13411,46,0.28019142858823815,2,2,16,1.4829532950621243,0
51,65028,38285,15,0.30534728408996625,4,3,9,2.689493165361865,0
55,127434,16422,7,0.49568710158310003,0,3,9,3.8313223610344482,1
67,117659,43468,56,0.19261937438601953,4,4,10,1.0114908715009676,0
51,57573,33371,16,0.4770183758707621,0,1,16,1.7143745297619963,1
35,20806,6693,18,0.11713502204764531,1,2,4,3.815342921231223,0
47,144343,34535,15,0.2785547561052779,4,1,12,1.5132579005714861,0
32,76638,15818,19,0.1280014048532263,4,3,9,1.3397303549194595,0
44,148301,32238,23,0.3916938971654572,3,0,8,2.7105616473994134,1
68,146295,31874,56,0.34336357435200715,2,3,16,3.5855314698844896,0
51,126506,27715,59,0.3826537053870386,0,1,0,2.431329453081778,0
69,49757,28605,14,0.2497921599872068,0,3,3,3.9836927700535743,0
55,54636,35317,44,0.24779277361255214,3,0,3,3.0375150986139783,0
50,100097,32174,33,0.11812771158435785,3,4,17,1.2222247216313433,1
41,68280,10956,8,0.23997797581185593,2,1,8,3.978496395045926,0
32,44262,39908,25,0.4717153609048238,2,3,17,2.2236827103405714,1
47,100435,11837,11,0.2516906148721796,4,1,13,1.8622076015364475,0
59,82211,4716,32,0.43254708248878804,1,4,14,2.6736375507336567,1
68,74842,5481,58,0.43693020189997367,2,3,5,1.9129227754625928,1
34,148583,25282,7,0.24929646255169355,3,3,9,1.259372521360457,0
22,76979,7548,34,0.3527954721584756,2,1,14,1.00428502923753,1
46,134524,38605,43,0.13814864090922346,0,1,3,2.348750058760787,1
21,101470,8758,8,0.14147143229371062,1,0,17,3.5105902666797766,1
27,58197,44668,21,0.11946306546468533,4,4,17,2.71694555689023,1
34,61844,24177,35,0.3324060373500438,0,0,16,3.9976218968303225,1
27,84754,25022,45,0.2704283910504388,0,3,11,1.8605399369416,0
34,121868,41761,7,0.31921294266569605,1,1,6,1.8413651942801659,0
37,54157,6542,22,0.30842927620335514,4,3,15,1.4792483807018326,0
41,97129,26476,46,0.2400811964362921,3,3,10,1.4921907647960055,0
22,60042,31784,17,0.37098936592938914,4,2,13,1.8555597880301433,1
51,81665,23740,40,0.40340075236655626,2,2,2,3.3785201358205814,1
23,135512,25817,48,0.1058513035510703,0,3,18,3.7172703719093434,1
19,136953,48596,6,0.18289691990755133,2,1,17,3.925261509123044,1
30,102856,17052,50,0.3852943472333348,3,3,9,1.6968689622893578,0
60,47376,36153,20,0.25464806905353365,2,2,5,3.643892636842275,0
60,129049,48076,31,0.3649935787766433,4,1,12,1.9847652678320111,1
65,75554,1671,42,0.23878506389382337,2,3,9,1.3385216335506533,0
28,34199,1163,26,0.2563020609318548,3,4,17,3.610074776560497,1
68,138533,42424,54,0.16347154947587397,3,4,19,2.9083169039308556,0
64,101412,45002,36,0.20329240786646402,3,3,15,1.494192688243185,0
40,70948,5795,30,0.3421647030030349,4,1,5,2.2894937725390077,0
33,93781,11634,28,0.2732652445260666,3,3,12,1.8617730846312028,0
48,92750,5798,29,0.4097210731778381,0,3,3,3.210383706130591,1
28,86262,23420,43,0.44103398197533716,3,2,13,2.3602486918728043,1
33,137424,30300,33,0.31665856728670394,2,4,0,3.967839835319155,1
25,66600,25345,26,0.4033069168224237,2,2,19,1.1642349467787854,1
21,96898,11749,59,0.22276180527782802,2,2,4,2.06504579840874,1
57,82483,39595,48,0.2659884861600313,4,3,7,2.445700501329932,0
21,38297,26121,23,0.38511107048673243,2,2,11,2.5094006642449593,1
42,50448,38487,41,0.25448479712681227,4,4,1,1.9478074671569103,0
20,46172,29411,40,0.3354019740635955,4,2,11,3.187720747292704,1
49,62874,34361,50,0.17414911163300462,3,4,4,3.6242412204669243,0
20,27657,22223,14,0.3399085259881992,0,2,4,3.816157905933589,1
44,104386,8394,58,0.4446054828907574,3,4,12,3.4152801303985787,1
46,145617,15056,43,0.4474558559293703,3,2,8,3.551740591919798,1
49,45425,29380,35,0.3897377625318159,4,2,9,2.6516359018599864,0
67,46685,27035,49,0.39830135163045044,4,1,0,3.4776646792804438,0
68,142000,31620,39,0.3231709780602803,2,4,2,1.9105117274438568,0
36,132855,20877,37,0.33386723606632995,2,4,17,2.1954362863276433,0
38,44578,44404,8,0.1534602325642072,3,4,11,1.950739041455633,0
22,48831,31911,8,0.2775436753685204,1,0,2,2.4021620063437763,1
35,27906,33784,33,0.2803105135545455,1,2,8,1.856738848715909,0
45,81413,4191,49,0.48339913426709613,2,4,1,3.8848343267633405,1
59,74028,34160,20,0.27243474504931575,1,0,2,1.9385338840170045,0
39,27287,26000,46,0.3197370579611031,2,1,13,1.2941336143328195,0
38,53660,40040,28,0.313300559711641,4,4,3,2.5804514981512403,0
23,95758,4631,45,0.35470468681773093,3,4,18,1.171297235335529,1
18,80504,7172,16,0.39929313253275833,0,0,12,1.3316294989257416,1
22,79720,43080,53,0.19001675046834887,3,2,6,1.6581681675887388,1
58,122979,24561,37,0.3114897676393743,2,1,11,2.393050749646425,0
29,54701,25817,59,0.43036708292641224,2,4,2,2.2997527969270837,1
43,103300,21281,41,0.28524588553500463,3,2,8,3.3990755860083737,0
63,130177,29671,38,0.2113830185494292,2,1,1,3.21842396165234,1
51,37674,26364,29,0.3618836301425197,1,3,8,2.278954881972104,1
66,103560,42674,44,0.42950695831964925,1,3,11,2.0011126227268896,1
31,131543,28425,39,0.12525611717095653,2,1,11,1.9494063521844958,0
43,43874,29602,33,0.4107161933628909,2,0,14,3.321985261882027,1
62,63642,24253,42,0.4286591731847085,1,1,1,1.156217218663809,1
44,143867,24472,12,0.2846091710354427,2,1,17,1.0384649485318174,0
26,117820,9080,9,0.493322262727387,2,0,12,3.386633175779944,1
43,85160,8099,42,0.41468333628292364,3,0,13,2.431439127967148,1
64,37602,26431,6,0.4094650259582663,0,2,4,1.392643415660728,1
39,123320,32186,6,0.39913542976482874,1,2,9,1.7066978037835039,0
64,108801,48684,52,0.1602432412873096,3,0,11,3.7975118592921477,1
47,45931,31111,25,0.18689235458120435,0,3,9,3.5785089268746937,1
60,114377,40851,24,0.28559605258577003,2,3,10,3.1293551506719175,0
65,49192,23614,34,0.20560173998378636,2,1,1,2.4466756910119796,0
34,66542,27724,15,0.2660963889336162,3,4,4,2.560970878574157,0
43,147015,42991,23,0.45538564396916825,2,1,6,3.925733605851876,1
53,62520,5940,33,0.4297307567517077,4,1,5,3.8973113316528614,1
18,84772,29758,40,0.35201595139199293,3,4,2,1.6458071373575027,1
25,78762,37224,48,0.44324815770044146,0,0,12,3.4333136989159545,1
66,70106,8788,52,0.4135089556068997,3,3,2,1.5917279985010504,1
52,101121,29082,36,0.2715939727363562,1,1,5,1.6406124336518542,0
69,45559,25034,32,0.18042606081997806,3,4,10,3.0282791024937303,0
32,125595,36479,16,0.3056804160037357,2,2,16,2.2150032957626453,0
64,53742,12280,54,0.39449155301142,2,1,9,3.7946332213195606,0
39,89669,19052,54,0.2745678394918372,4,3,11,1.2670292046880265,0
31,100199,17531,43,0.3667087639135589,4,0,16,2.534576922428479,0
43,41754,23804,10,0.13773097051641747,4,1,3,3.755564591329364,1
45,23972,29903,13,0.39920189454856136,0,1,1,3.7123409814385155,0
40,90831,45857,39,0.4250854479572248,4,4,10,1.4695876402472237,1
31,132217,11142,53,0.3827351423122165,0,2,6,2.0999131002893696,0
41,61873,49355,57,0.4869054350105463,4,2,1,2.857364200140089,1
19,114661,10866,17,0.43066082298425623,0,0,17,1.4781846543142065,1
62,126532,5531,43,0.4612374911506153,3,3,3,3.904066516137216,1
43,146267,46454,6,0.4734284333830593,3,0,7,3.744247986182981,1
31,29903,39098,36,0.42053919674952345,2,1,19,1.5008505371034075,1
68,23020,39278,9,0.3697035368025997,0,1,13,1.3634663837829564,0
24,61755,29138,54,0.10228743254431572,1,2,11,1.2562254484247959,1
20,105956,28065,50,0.28633030128924986,2,3,17,3.7283309921098935,1
64,106988,30956,55,0.3284649194489444,3,4,10,1.5808714293863824,0
40,65648,42732,10,0.22161210897919986,0,3,7,2.248854785633064,1
63,123537,40261,35,0.22724177876138885,4,1,1,2.346554096956009,0
60,145991,11759,29,0.48446376628406607,1,4,14,2.7970331326407027,1
64,29516,6439,8,0.4566843460810984,3,3,8,1.2152060312422748,1
62,132863,48241,16,0.4396716022006817,2,3,18,1.680275852201548,1
35,135005,43533,50,0.26240472068244425,0,4,19,3.7944711607567783,0
55,22396,29270,9,0.10547942016356582,1,1,7,3.7252303218057086,1
